#Insertamos algunos registros en la tabla 'ciudades' del esquema 'db_apiMiTiendita'

INSERT INTO db_apiMiTiendita.ciudades(name, population) VALUES ('Madrid', 432000);
INSERT INTO db_apiMiTiendita.ciudades(name, population) VALUES ('Barcelona', 1759000);
INSERT INTO db_apiMiTiendita.ciudades(name, population) VALUES ('Palencia', 1280000);
INSERT INTO db_apiMiTiendita.ciudades(name, population) VALUES ('Sevilla', 1748000);
INSERT INTO db_apiMiTiendita.ciudades(name, population) VALUES ('Granada', 3971000);
INSERT INTO db_apiMiTiendita.ciudades(name, population) VALUES ('Pais Vasco', 8550000);
INSERT INTO db_apiMiTiendita.ciudades(name, population) VALUES ('Caceres', 464000);
INSERT INTO db_apiMiTiendita.ciudades(name, population) VALUES ('Valencia', 3671000);

INSERT INTO db_apiMiTiendita.tiendas(nombre, tipo_cuenta, numero_tienda, tipo_tienda) VALUES ('Madrid', 'B',1,'Alimentacion');
INSERT INTO db_apiMiTiendita.tiendas(nombre, tipo_cuenta, numero_tienda, tipo_tienda) VALUES ('Barcelona', 'B',2,'Alimentacion');
INSERT INTO db_apiMiTiendita.tiendas(nombre, tipo_cuenta, numero_tienda, tipo_tienda) VALUES ('Palencia', 'B',3,'Alimentacion');
INSERT INTO db_apiMiTiendita.tiendas(nombre, tipo_cuenta, numero_tienda, tipo_tienda) VALUES ('Sevilla', 'P',4,'Alimentacion');
INSERT INTO db_apiMiTiendita.tiendas(nombre, tipo_cuenta, numero_tienda, tipo_tienda) VALUES ('Granada', 'B',5,'Alimentacion');
INSERT INTO db_apiMiTiendita.tiendas(nombre, tipo_cuenta, numero_tienda, tipo_tienda) VALUES ('Pais Vasco', 'B',6,'Alimentacion');
INSERT INTO db_apiMiTiendita.tiendas(nombre, tipo_cuenta, numero_tienda, tipo_tienda) VALUES ('Caceres', 'P',7,'Alimentacion');
INSERT INTO db_apiMiTiendita.tiendas(nombre, tipo_cuenta, numero_tienda, tipo_tienda) VALUES ('Valencia', 'B',8,'Alimentacion');

/*INSERT INTO db_apiMiTiendita.direccion(nombre, tipo_cuenta, direccion,pais,telefono,correo,numero_tienda,tipo_tienda, ) VALUES ('Madrid', 432000);
/*INSERT INTO db_apiMiTiendita.direccion(nombre, tipo_cuenta, direccion,pais,telefono,correo,numero_tienda,tipo_tienda, ) VALUES ('Barcelona', 1759000);
/*INSERT INTO db_apiMiTiendita.direccion(nombre, tipo_cuenta, direccion,pais,telefono,correo,numero_tienda,tipo_tienda, ) VALUES ('Palencia', 1280000);
/*INSERT INTO db_apiMiTiendita.direccion(nombre, tipo_cuenta, direccion,pais,telefono,correo,numero_tienda,tipo_tienda, ) VALUES ('Sevilla', 1748000);
/*INSERT INTO db_apiMiTiendita.direccion(nombre, tipo_cuenta, direccion,pais,telefono,correo,numero_tienda,tipo_tienda, ) VALUES ('Granada', 3971000);
/*INSERT INTO db_apiMiTiendita.direccion(nombre, tipo_cuenta, direccion,pais,telefono,correo,numero_tienda,tipo_tienda, ) VALUES ('Pais Vasco', 8550000);
/*INSERT INTO db_apiMiTiendita.direccion(nombre, tipo_cuenta, direccion,pais,telefono,correo,numero_tienda,tipo_tienda, ) VALUES ('Caceres', 464000);
/*INSERT INTO db_apiMiTiendita.direccion(nombre, tipo_cuenta, direccion,pais,telefono,correo,numero_tienda,tipo_tienda, ) VALUES ('Valencia', 3671000);
/*
/*INSERT INTO db_apiMiTiendita.productos(name, population) VALUES ('Madrid', 432000);
/*INSERT INTO db_apiMiTiendita.productos(name, population) VALUES ('Barcelona', 1759000);
/*INSERT INTO db_apiMiTiendita.productos(name, population) VALUES ('Palencia', 1280000);
/*INSERT INTO db_apiMiTiendita.productos(name, population) VALUES ('Sevilla', 1748000);
/*INSERT INTO db_apiMiTiendita.productos(name, population) VALUES ('Granada', 3971000);
/*INSERT INTO db_apiMiTiendita.productos(name, population) VALUES ('Pais Vasco', 8550000);
/*INSERT INTO db_apiMiTiendita.productos(name, population) VALUES ('Caceres', 464000);
/*INSERT INTO db_apiMiTiendita.productos(name, population) VALUES ('Valencia', 3671000);